training_iteration,episode_reward_min,episode_reward_mean,episode_len_mean,episodes_this_iter,timesteps_total,episodes_total,,custom_metrics/mean_ego_speed_mean,custom_metrics/mean_ego_speed_min,custom_metrics/mean_ego_speed_max,custom_metrics/distance_travelled_mean,custom_metrics/distance_travelled_min,custom_metrics/distance_travelled_max,hist_stats/episode_reward,hist_stats/episode_lengths,sampler_perf/mean_env_wait_ms,sampler_perf/mean_processing_ms,sampler_perf/mean_inference_ms,timers/sample_time_ms,timers/sample_throughput,timers/load_time_ms,timers/load_throughput,timers/learn_time_ms,timers/learn_throughput,timers/update_time_ms,info/num_steps_sampled,info/num_steps_trained,info/learner/default_policy/policy_loss,info/learner/default_policy/vf_loss,info/learner/default_policy/vf_explained_var,info/learner/default_policy/kl,info/learner/default_policy/entropy
1,-64.811428,8.729818605,97.00666667,300,30800,300,,0.188768466,0.00889454,0.480040587,15.32969019,0,78.1959445,"[22.24921725326433, 3.305500646492896, 10.5398366238169, 25.950689593455035, 5.184344314645787, 37.38939589402891, 9.462566343388215, 1.006957212897805, 8.753971283355806, 7.383099225860147, 6.225161590799588, 6.354951239122162, 15.982426300178409, 10.567736761856365, 8.038392172722942, 34.98896973955653, 7.043063665926552, 9.407396456490975, 16.326605812287713, 6.304438171399943, 20.871653413011384, 2.8836928026041413, 8.31871554256081, 40.11244840135151, -0.025840963886401225, 10.87294752197926, 12.231898562377905, 5.2760007656935874, 21.458346402768797, 11.243176679753415, 13.665620788022458, 9.768848467283167, 9.480985494047758, 48.60407900669133, 6.290331450914926, 8.666464694922766, 14.570398373130718, 6.3065269155056916, 18.187358424497663, 17.01678717421856, 4.075927845214231, 4.382615455976766, 6.762017954888108, -21.638442248217395, -0.011836980344230197, 11.855711004378051, 56.074965454420486, 7.024679430077216, 5.017871961888862, -0.02449082775616107, 7.606004083973666, 9.79169173631761, 10.087008751657828, -0.005407904715990064, 14.292473108803202, 15.269139318492766, -1.404550994699492, 6.224308487300828, 6.06126518507924, 6.086849696352368, -0.004718664827055186, 7.470200416928673, 5.182509730163829, 15.253021742746284, 7.165649192123144, 6.370026122511837, 8.985651158940183, 10.618939470265232, 8.41685791516353, 7.55020187956925, 4.270423431951674, 6.016872692801218, 12.075677366777601, 6.086230072362124, 24.83717075142854, 4.15346457483988, 23.216691333201467, 16.997553732654634, 6.154312184635975, 9.983804452430054, 7.898712694593798, 8.246718063750194, 6.537402023183793, 17.946749786968535, 6.0427814473186, 5.7246833805776935, 9.95426906773773, 9.472844440279099, 6.761434163533248, 14.477217536448602, 6.992109523882443, 8.933482985081476, -0.006135207536305476, 10.316719683071002, 6.026993310359153, 17.487872558569496, 8.96320746118531, 7.023708796038565, 31.967099379413973, 6.897098511199744, 20.72806390512182, 7.263357161020604, 9.532853795943229, 4.070873037156877, 15.962731601699062, 6.477012620577333, -0.01205283400705115, 6.604489925410101, 8.863255998640906, 6.244714586959359, -0.009946659334698849, 14.669965955935067, 6.069066939733756, 6.537368995078981, 9.121304597674385, 6.597154265708574, 6.034155568893636, 21.872191301837518, 43.72299873742792, 14.947365631213987, 12.905315984352018, 28.453160986129507, 17.41004301238694, 10.620471315169535, 4.260606410796823, 6.962310048514018, 13.640327653062908, 27.476260548386648, 6.511433403546928, 11.360461650412779, 8.031867609144406, 7.427350484475745, 4.052392368143721, 22.479475461044785, 18.124886918398634, 16.459960861052156, 6.570944026628662, 5.276020703595173, 7.1289016187994765, 6.586427599698761, 8.002849074537211, 6.588192429173849, 7.54514448136252, 14.514713926841814, 9.408531083086793, 5.010631658785228, 1.9160165636221616, 5.182049244107962, 8.608134726700447, 10.068381527206173, -0.01521674712595722, 6.989515843358516, 0.9844031780356766, 10.4928670938117, 11.090220197010908, -0.059211861848596836, -35.692152965077696, 5.294567071601464, 9.915426838466551, 7.522862541151315, 25.78803711250874, 6.255051281108155, 5.208897858744291, -26.73165265567637, 16.27505607508323, 6.12198225854678, 5.538597547044195, 7.302401052968663, 10.49432358708631, 5.621586927737206, 27.82756162961241, 22.158341234105478, 20.36987108440174, 9.196004746392324, 11.302431919814712, 6.662391988817802, 13.791246828408166, 14.02496688813469, 10.93989529019839, 13.508974083580831, 7.213884269172537, 0.8981399427677228, -0.011513920691722968, 6.549381120401156, 7.387104691536426, 8.419140142835891, 20.59837185346547, 4.39969050219696, 12.018370175263557, 21.76811882497531, -38.81072865505727, 10.336936283901396, 5.209340181032974, 8.351744164870905, 27.450918214134727, 7.905399244933936, -23.368419838184025, -33.7303942796813, 0.9829584750544025, 12.21591692960303, 7.679061163730577, 14.877255988786171, 14.843700527959824, 13.376302268809326, 6.323514959052326, 8.875434984930639, 6.312534217180533, 8.524965146598603, 8.549434647584302, 5.003296652994604, 19.756206634489278, -1.1605919535281544, 6.643292497752288, 19.817047146186408, 6.551163164825725, 6.650898263570538, 5.568090918756659, 6.610955802352704, 5.396529831185366, 5.155942388415091, 6.5005646426186, 4.962474276209661, -5.420418822210909, 13.065534242100277, 8.487823007295288, 6.341439242514079, 5.095219291024617, 6.180640690544841, 5.3013238665012095, 11.45498339579984, 3.7625591553280318, 9.512153404900843, 7.394677743620726, 4.191633893376785, 18.37931051395411, 19.952203013679018, 15.54476722008534, 6.2081291697609595, 4.89618621228455, -0.012114636710307103, 5.1956647947127665, -12.62556550314254, 6.094199698333839, 0.9850133541626467, -0.027173995954274055, 6.585782279027947, 11.856282312169588, 7.548157619837321, 22.171194164166664, 12.242467767394825, 9.905407028218402, 5.759991277662218, 11.519740353781785, 4.889199845134921, 5.214343540510767, 5.87160044229299, 5.627957321449063, 19.44597496256219, 7.541077656274578, 11.943917713538927, 19.963869628576163, 11.74360525298405, 0.8670915166655195, 10.34113069840337, 27.164476767376023, 29.85719562447069, 6.617076102266951, 22.294262657453437, 5.683979081779405, 11.346536979703153, 12.129767999827068, 7.926236806607539, 6.212631073355262, 6.358054508694788, 4.972199311245006, 7.028306091925617, -36.158591869438425, 6.077895709051724, 18.981153171059393, 8.704677883657732, -64.81142800477784, 6.557451203539755, 5.232295048248361, 4.854321487783824, 0.3872332289694018, 8.211654228400281, 6.1181507339851, 8.814852435840848, 7.498263805516468, 6.044188126614887, 13.36916679260175, 7.933401899660184, 8.57076529184489, -19.61464814501991, 10.205635639009955, 10.80028654665049, 8.503023512263725, 17.452061997556783, 5.253188909843274, 2.4525395896685094]","[23, 8, 12, 39, 9, 1000, 9, 135, 21, 12, 7, 11, 43, 11, 6, 51, 16, 11, 665, 6, 23, 45, 12, 206, 22, 8, 13, 7, 31, 15, 34, 9, 10, 55, 12, 101, 18, 6, 279, 295, 11, 63, 25, 743, 18, 22, 68, 7, 10, 17, 8, 9, 184, 17, 16, 651, 47, 8, 10, 18, 17, 32, 26, 940, 14, 16, 6, 518, 9, 10, 66, 6, 652, 43, 445, 9, 59, 317, 9, 38, 7, 14, 8, 136, 6, 30, 7, 11, 99, 47, 6, 7, 18, 13, 6, 235, 67, 6, 1000, 19, 186, 13, 10, 11, 160, 21, 17, 7, 24, 8, 19, 144, 14, 8, 15, 7, 6, 23, 588, 19, 30, 231, 460, 20, 7, 6, 12, 50, 32, 14, 6, 49, 11, 18, 22, 14, 7, 7, 14, 7, 7, 7, 8, 61, 12, 11, 21, 9, 8, 17, 20, 6, 18, 97, 66, 22, 1000, 7, 8, 10, 42, 7, 7, 159, 18, 10, 22, 13, 10, 21, 410, 21, 48, 19, 12, 7, 214, 30, 26, 14, 18, 22, 19, 7, 30, 14, 94, 135, 23, 333, 917, 80, 8, 11, 35, 7, 789, 250, 18, 15, 78, 843, 19, 16, 6, 21, 70, 10, 8, 11, 13, 784, 7, 20, 31, 7, 19, 7, 69, 8, 8, 12, 897, 13, 47, 172, 10, 8, 7, 12, 68, 14, 10, 1000, 38, 599, 322, 7, 14, 15, 8, 206, 15, 17, 17, 86, 8, 9, 62, 12, 8, 16, 13, 13, 7, 18, 16, 873, 8, 15, 107, 9, 22, 25, 46, 540, 7, 23, 13, 10, 366, 19, 7, 12, 12, 7, 245, 12, 175, 114, 278, 8, 21, 14, 128, 13, 9, 20, 8, 14, 17, 6, 8, 922, 12, 9, 9, 20, 1000, 179]",32.29195551,2.151770703,1.221084763,173300.122,177.726,74.576,413003.37,1888.904,16305.749,2.371,30800,30800,-0.0078088,5.3944755,0.3271611,0.009090722,4.2755833
2,-44.49664513,13.4878711,123.8287938,257,61600,557,,0.182668531,0.013615722,0.492510251,21.27183903,0,106.1959445,"[28.075288303485593, 26.48025424174005, 11.560947642476872, 55.96643249708781, 29.24641477987517, 24.151799002162814, 7.6687881488403695, 26.545018852392456, 23.24874696206747, -3.2138070186117806, 27.306414024193217, 8.055008820264197, 45.422234015287316, 7.59324947182498, 19.476015210254353, 13.218077626392514, 7.068456446363682, 4.1021038655475195, 0.9012360446120424, 9.193851240372279, 16.63469751728696, 34.887415632346794, 22.721572973310362, 7.207470388224473, 11.45928853188352, 6.566422117077927, 9.70401193090139, 5.107943796392939, 25.923303743407338, 6.194274527477452, 12.268906685878607, 26.968550376346684, 36.57477788834681, 6.216798452370358, 35.18348989723167, 8.210211370568132, 21.355670043920604, 19.036969292966795, 12.352944958368894, 6.096455205697122, -6.559649262259136, 8.446786889831081, -0.024103783761688646, 7.492377904986264, 11.834813227483483, 19.003594394948177, 8.150094180293117, 18.08793843578783, 16.197179148000036, 6.309909083574101, 8.144711837624957, 35.590920572601554, 2.1266139739046444, 12.589505772692792, 10.791251114849494, 12.314631714072608, 6.362378252821331, 9.413705510309804, 11.774787606438618, 6.0392340048195745, 10.214926588408751, 16.389453428593793, 12.377644146377065, 4.0471323434208895, -0.007342999404102324, 32.10772221929433, 9.816669520573672, 16.542624481540543, 11.520519394568034, 21.32036191861512, 35.264865155583465, 10.130416328186463, 9.425191014309547, 12.105300439429215, 0.9948364092782198, 4.798636839923726, 0.27615569049589794, 11.770274118139792, 12.917012305146681, 6.136457690366762, 6.363849912962947, 6.4481805768596105, 34.91324972120515, 14.228584793523112, 11.292959765476951, 14.182009824613708, 4.893831557524355, 19.16132325620506, 13.343202273933962, 6.425345156883714, 4.171101486528176, 6.584627175556122, 13.708560916158014, 15.134639558703775, 40.00824931875791, 8.680818202771652, 8.019619591602666, 11.91284608925644, 21.66914167578036, 6.265121059314379, 4.889540512381949, 22.455833533614566, 23.332543270693034, 22.470395112427653, 15.015308023618921, 4.813051777196339, 7.651868492881419, 9.11770840363386, 9.454785101189145, 40.0543765066762, 6.515573598954349, 24.92687634945318, 24.90432401267055, 5.242658230143138, 9.313087612239052, -44.49664513208046, 8.996288959837493, 9.274720445014799, -2.9254982232534346, -2.2124683187481473, 13.443919069018786, 5.899548810662033, 7.364995223120639, 13.119119419736963, 8.00487197412317, 20.1335412717754, 49.55036176239601, 10.250391547399154, -30.042480198578282, 10.455758897467444, 21.694883065896803, 40.312147713838606, 13.519725798391532, 24.287080384894907, 19.22346643760544, 6.33296193229102, 6.490293212106774, 6.385501948963789, 11.388020781109347, 7.479242835435479, 6.678464876591172, 7.388915908445312, 8.315355607487943, 23.11813048716056, 6.2660730368839435, 8.432410013287143, 23.29442729956444, 8.578250275538103, 3.8919814399182346, 7.6190217239017315, 33.77117962847432, 14.628077249889774, 5.100634587881962, 16.857524921766732, 10.557689687516394, 8.965771521447614, 19.04344933799305, 17.70389391997025, 41.94103209675528, 17.685394632612272, 6.4239923632706475, 7.256993140744646, 5.22861442767181, 42.75419604719211, 5.746641286483008, 6.527521933864802, 30.645339148401547, 0.9902247854210122, 11.311647487066844, -9.602189937549475, 5.16934758352611, 13.863555048625317, 7.250944840872379, 9.28466399649739, 10.030101818368923, 22.613188979568598, 17.833622887056976, 1.8021869997242348, 7.565544260880135, 13.674607089220572, 18.18129678937577, 38.86291280088131, 8.274728142918583, 12.4649656443889, 8.57253922776503, 3.7668389210831954, 3.2090699277701917, 43.61972303629785, 3.759246074833098, 0.9550028239301518, 0.9703672385770445, 8.511918885040679, 8.463597939676315, 15.085253014675388, 29.463548778744364, 46.17792902959053, 14.543523953851558, 7.954301138608904, 11.116335535198704, 27.75825188894037, 13.677874436147206, 8.051858938910977, 12.06515683216179, 3.6556383639187526, 32.344915833657986, 21.308441110727042, 11.337019267407673, 14.674746861508606, 11.615559099630248, 33.83172009737817, 17.008319057623627, 29.076809746061116, 21.97636142177371, 21.831875981644277, 7.108080811063937, 8.20243678173393, 25.896367123269368, 4.657256090648342, -0.010187868039024828, 11.041295106726123, 8.930750707255982, 8.449225486105735, 1.9036072494337033, 32.830170553480194, 0.9772402949325782, 29.547312116944504, 5.067810343310579, 12.027974791348946, 6.640000821056612, 20.720470808082364, 5.543206979423246, 8.924655244385804, 34.036668043467266, 11.372255937514112, 7.643048892272117, 10.337006568793933, 6.6954151413224725, 12.199045505090016, 7.372690673336972, 4.646925901662583, 15.401068427838362, 29.45638380751537, 11.758919688403914, 12.20837949606938, 8.11608834459485, 0.9883114970166753, 7.502637612052567, 15.371821056558344, 6.01256495256675, 8.050453116495426, 9.838720221438834, 19.334159060836473, 29.862949044575103, 6.689511306289586, 19.263463506654283, 9.396774725999535, 17.525682003767045]","[507, 112, 14, 219, 34, 177, 7, 104, 795, 365, 642, 14, 552, 7, 275, 19, 16, 9, 22, 15, 144, 42, 1000, 14, 11, 7, 43, 9, 341, 8, 20, 44, 75, 7, 32, 11, 329, 18, 12, 10, 913, 434, 599, 10, 8, 61, 13, 275, 16, 6, 13, 43, 247, 115, 10, 34, 25, 10, 58, 6, 27, 18, 12, 73, 13, 59, 20, 671, 12, 246, 561, 122, 12, 59, 18, 13, 197, 11, 17, 15, 10, 11, 909, 14, 64, 22, 12, 44, 19, 10, 9, 7, 79, 33, 71, 194, 6, 21, 725, 7, 56, 78, 50, 152, 28, 28, 113, 20, 10, 302, 8, 544, 796, 7, 15, 520, 18, 16, 254, 253, 15, 1000, 12, 14, 7, 34, 59, 16, 252, 10, 69, 39, 69, 56, 73, 6, 8, 10, 15, 12, 6, 9, 12, 891, 8, 10, 544, 8, 13, 7, 259, 14, 10, 16, 12, 6, 18, 374, 69, 280, 11, 7, 7, 102, 15, 8, 550, 16, 11, 152, 9, 26, 12, 12, 29, 433, 47, 692, 9, 10, 130, 47, 13, 17, 11, 1000, 8, 106, 93, 19, 21, 9, 9, 238, 131, 251, 17, 7, 18, 34, 10, 15, 24, 253, 279, 36, 11, 35, 752, 322, 139, 66, 55, 31, 5, 16, 86, 367, 17, 29, 7, 9, 18, 402, 19, 241, 10, 17, 7, 300, 16, 8, 52, 10, 7, 11, 6, 25, 10, 14, 19, 1000, 10, 835, 140, 17, 125, 34, 6, 75, 8, 22, 59, 6, 333, 16, 14]",32.88795228,1.965585034,1.237144601,174450.961,176.554,42.075,732027.557,1823.071,16894.574,2.355,61600,61600,-0.010294812,4.2031155,0.580422,0.009030456,4.2624946
3,-87.07123211,22.01584784,192.5562914,151,92400,708,,0.148751877,0.012463093,0.519540934,35.51383483,0,105.1959445,"[17.1116320298059, 38.569222102337775, 20.914226322239074, 8.859413191896525, 44.23737809421468, 16.036913583279347, 9.417157249297434, -0.017791090033647983, 7.057671788820928, 36.85975218736995, 39.327870119787846, 22.33009809788782, -0.01358368826068257, 30.242763867780276, 4.029935195927321, 18.976999734860307, 34.797514417490376, 54.57489393024841, 22.40613142258268, 32.05429168121961, 20.037276339451115, 9.627502883197714, 6.1954407617991025, 7.558475049868085, 28.227674172662446, 6.1051112009014865, 51.51150475995421, 6.153274805049714, 6.300655152738501, 35.51234679258102, 36.614001113490154, 30.081921475437127, 34.0715532986531, 39.07072116154398, 26.97404387164708, 18.020824602641923, 9.724437374859484, 13.16471021400703, 35.088156981242506, 11.346905265602272, 32.99101548209806, 29.75215281981849, 12.08528375373513, 34.300042098206035, 20.247050185053283, 6.455026430179727, 28.23484906013094, 6.616051322826582, 25.684067802887526, 31.506183621070456, 6.222042458907554, 15.907797341178734, 29.440217423373955, 22.353285370404826, 25.137453335403865, 34.234240258890885, 9.459448776417911, 16.19409284721428, 10.342162161890464, 54.1143407867207, 13.842495257594717, 13.021772579877446, 3.962959502182118, 23.588654527856605, 38.59238419600294, 11.83132241907634, 53.7166025714604, 8.540366252054053, 31.67953270657116, 12.654987899656867, 28.6195396057456, 49.162707940023815, 22.675900626538954, 6.293321055143117, 29.104754444165103, -0.010991315961214276, 38.95409725669999, -49.67059557689403, 7.227365983992623, 5.963119039292112, 18.77145946110472, -87.07123210555943, 37.41145347853363, 40.35241636183913, 19.51743813023525, 28.841060208802887, 38.77344673233626, 43.831815826761044, 18.477671473756622, 52.97257657677433, 6.384699921680693, 35.317555854755184, 10.007349997614668, 73.62568581785271, 25.208167570298215, 33.338631782552845, 24.771283382704098, 17.02499570622641, 29.667199568685568, 6.063247237025907, 27.683750610899818, 22.02005647004784, 6.945315546308129, 19.61898812187845, 6.218235636441004, 53.78428573562012, 46.572899561358405, 21.972350308990784, 54.268092153927206, 7.975457172816195, 4.113241811397398, 28.895016890538848, 30.292010280496118, 39.337425066425574, 42.29416606514946, 6.342738106164961, 8.575711041969424, 34.650305323909826, 7.774132271326707, 41.52119448716119, 7.0343838968409855, -34.0651147206962, 26.727780039050565, 45.45992231885889, 9.168691401370793, 33.911447237716196, 14.248901082712745, 63.29721526708495, 14.138836498210107, 15.062808664349319, 54.51150768960078, 18.89276215407152, 11.27063663978966, 15.602760880742569, 21.94794792151447, 23.40023286042177, 42.15907141790552, 7.3939258789685525, 12.56012161706404, 12.214980878775988, 32.8602041324053, 21.94089702698771, 6.332848953149191, 38.076079665686315, 8.443825684271658, 7.074488539804817, 24.736547814330205, 22.25592531639464, 8.380454522193524, 20.930619159331854, 44.09389042040438]","[450, 888, 121, 8, 460, 77, 55, 18, 6, 343, 324, 54, 16, 392, 11, 39, 42, 539, 414, 330, 259, 23, 7, 7, 47, 9, 361, 8, 12, 32, 433, 29, 507, 294, 138, 783, 37, 633, 73, 180, 276, 443, 16, 53, 37, 9, 223, 7, 72, 509, 7, 83, 47, 329, 36, 340, 10, 16, 11, 757, 292, 15, 103, 30, 807, 114, 241, 8, 90, 12, 533, 368, 22, 7, 69, 17, 782, 480, 12, 93, 570, 279, 254, 225, 34, 76, 485, 32, 101, 663, 10, 470, 6, 227, 688, 50, 626, 19, 38, 12, 35, 167, 20, 98, 7, 72, 495, 699, 808, 7, 10, 24, 52, 140, 294, 15, 8, 296, 67, 344, 23, 253, 45, 115, 44, 560, 21, 148, 187, 41, 56, 617, 49, 28, 120, 454, 435, 25, 12, 57, 77, 28, 6, 68, 9, 46, 34, 210, 10, 577, 363]",33.40220534,1.759392512,1.25932793,175431.812,175.567,31.414,980446.135,1807.968,17035.697,2.382,92400,92400,-0.01092776,4.983096,0.68232286,0.008498316,4.2328534
4,-23.82683236,29.98507052,227.0863309,139,123200,847,,0.133764256,0.01017157,0.517674396,46.55306565,0,148.8818942,"[36.49004778490062, 33.22572868433645, 36.823149181210326, 32.21072492351476, 83.22473032667415, 10.474037017622306, 19.110555790368235, 42.535806668113345, 15.483334905963494, 36.96864586602523, 37.504631954286154, 44.91995753487543, 37.60632261398087, 29.602991291062143, 80.40047996108291, 17.93620655366647, 43.066911783584466, 30.915522882387613, -0.009914487651605297, 45.98210902895685, 12.518601156668947, 12.594567267327715, 22.847156600562492, 56.41517269337518, 21.59565307204879, 8.419773736997358, -0.028327605113698695, 39.03021513124735, 25.078544793508616, 98.77271194588147, 41.15945049997878, 24.44687037589893, -0.009431727965683256, 10.705912783960091, -0.01933714643421558, 0.9600196583491105, 29.048021422986977, 6.013494488226096, 26.01657262608184, 30.871246513623586, 0.9887988683767699, 9.5700027594917, 30.857012258054795, 7.619508525285973, 0.9811246919601286, 32.95781144814822, -23.82683236058191, 35.262217608446, 59.38253499345314, 28.277791703967942, 42.87148493607743, 32.511704580889365, 27.455442864276144, 31.836275499919232, 22.382495141575724, 40.54716510645625, -19.610273387204757, 46.13873832254512, 31.018754563757927, 49.51188745517747, 9.396635611290172, 33.45929161149714, 17.139870897354392, 8.542950826890632, 12.332230106711783, 31.323808989291205, 32.61646391801215, 32.65930070666284, -0.4853248672980066, 21.7149443473202, 20.30713577151594, 19.078080651294364, 24.989943025613954, 9.396519216435628, 79.4308502340146, 17.99154563272544, 52.966175561874664, 48.095707010019744, 39.19947537749072, 21.6227695633999, 27.03040291526394, 67.05406270915326, 21.809320022520726, 30.9276106129336, 21.2501045756334, 45.74610586831329, 28.117570598484228, 36.80905367106047, 54.51465880827487, 38.19342691688003, 11.542576885443731, 18.809649062980164, 25.799804227105952, 10.34604898351158, 37.4075399282204, 11.264598251845166, 51.42387220393514, 34.2455565322763, 82.16963873527702, 14.688416068795812, 23.724315520279653, 18.63816181591669, 19.95515472253982, 22.98076768153319, 9.48677161717746, 34.36013772496357, 29.358535338482504, 34.79388281635013, 57.46573425330213, 8.091015274570761, 29.577132267801115, 25.727085632112125, 9.033759429032092, 70.26598837863176, 23.74936255166187, 78.19806146484662, 27.335076543831583, 68.87165516700118, 35.6203959101441, 19.931322739594474, 13.866127628278829, 31.14168569102413, 28.207419777785915, 38.10503237644462, 29.135691940791112, 78.10769548476863, 26.58022520516197, 38.26121007268106, 33.06097930248022, 21.19784203646326, 21.832688070560582, 60.80357238289578, 30.02966552885465, 49.85108471687462, 18.071039966244726, 44.9226009010514, 6.5057738297510985, 54.09506188754755, 28.41418220016711]","[987, 140, 262, 88, 847, 9, 321, 107, 34, 107, 208, 515, 159, 54, 588, 56, 27, 68, 21, 68, 30, 12, 27, 744, 170, 34, 18, 562, 80, 982, 50, 22, 18, 46, 19, 19, 566, 6, 26, 41, 19, 82, 275, 7, 18, 92, 284, 407, 747, 280, 648, 493, 632, 459, 43, 291, 634, 166, 28, 650, 10, 163, 23, 13, 13, 56, 126, 494, 291, 499, 33, 329, 29, 48, 298, 31, 313, 59, 275, 49, 166, 102, 27, 328, 465, 609, 60, 357, 353, 40, 25, 209, 204, 13, 190, 74, 288, 277, 1000, 103, 441, 162, 47, 63, 479, 697, 186, 34, 301, 5, 117, 261, 154, 74, 45, 1000, 78, 279, 159, 313, 10, 270, 33, 51, 820, 872, 176, 38, 41, 110, 26, 362, 53, 458, 77, 337, 8, 329, 164]",33.66936692,1.602095333,1.251694369,175487.329,175.511,25.942,1187279.002,1779.805,17305.263,2.362,123200,123200,-0.013227543,5.428482,0.72720593,0.0094515,4.200789
5,-17.96921516,48.62778158,229.6060606,132,154000,979,,0.132857072,0.013927432,0.417758252,63.24604587,0,208.676714,"[58.82704229604962, 25.492147714520183, 98.0690439025265, 87.2646526022504, 30.63176778181147, 38.68420514576772, 155.344410425218, 59.501618598993815, 61.08644442957085, 40.203000982153036, 68.105161925328, 33.34200355327737, 0.9089676252250052, 62.92758821895138, 82.48429164847319, 25.858859033955618, 31.953533961030033, 27.40775727408113, 30.441039543281523, 33.592869629496306, 71.86761060978598, 59.86449359715192, 7.4431311257272865, 9.217864212277167, 12.782772168941719, 52.68977273051094, 62.93367034843625, 105.93475788189535, 45.641772701814, 54.63476008276003, 20.749670558392502, 96.6021549165059, 47.01449083422828, 69.42665298936078, 122.56011682380968, -0.03475749365645253, 73.92304707498228, 123.3286263612477, 41.98478198820847, 153.22068423130682, 13.819527461487054, 86.69585380333908, 115.90818266595838, 35.90229190447234, 31.53116036122248, 32.596774885876584, -17.969215160158306, 35.86707110214121, 8.63212642674241, 12.39083789638665, 49.66662394245723, 47.51215763980194, 48.37783975509812, 54.95901591195229, 42.65396339233036, 26.594731446010908, 58.12625693621682, 8.406640509605397, 76.0432123800298, 7.091515090970783, 42.583529681631575, 77.68949313246362, 30.875950062063897, 51.309712003109624, 60.282929298272485, 53.89005276085226, 46.7136783824254, 15.12913863888172, 60.37516535906065, 35.34005087584377, 30.747249059706217, 32.764915627288936, 41.29151899104489, 40.36539726390778, 0.9214308763154282, 29.143002530673563, 84.04021963450991, 75.5872918414829, 13.295054532206574, 65.16939438826668, 47.82024449414133, 40.99524818930339, 95.5402351552376, 60.98511758562332, 31.54828318179681, 58.94921997657308, 53.60108510303215, 11.008995164755476, 130.0956678598186, 23.73128414630461, 74.0580871611497, 33.891916463949805, 0.9733978043283549, 49.08309587417947, 35.91345962672617, 37.1362184640013, 52.29607473541464, 65.04246702542943, 20.2801931998095, 65.03986346199218, 61.521512441875615, 44.37286877103087, 0.9823732812590917, 94.77441894465805, 58.91740731272241, -0.012513835197589529, 33.45644371891209, 28.624728901926453, 7.478090785942489, 84.05602358605924, 52.82285760650649, 51.082178479528224, 54.77198198131855, 30.80462583369681, 52.94968512876491, 33.132605617473835, 56.842010053314596, 33.04022536557451, 46.72381744985417, 28.32287593764545, 84.00583899395406, 9.861825362695424, 77.59768624109125, 74.76345732626012, 57.83495930649255, 43.777398530759626, 46.6564106000844, 99.29393543913956, 38.17767162891482, 17.45027200651082, 34.57835998084314, 45.98075735953307]","[323, 122, 537, 566, 91, 182, 846, 226, 90, 299, 491, 82, 18, 95, 1000, 66, 74, 22, 85, 134, 312, 126, 13, 11, 10, 140, 140, 688, 330, 282, 26, 467, 56, 358, 1000, 14, 621, 452, 102, 1000, 14, 346, 424, 119, 33, 219, 337, 101, 20, 42, 270, 180, 220, 360, 244, 30, 239, 12, 470, 15, 52, 140, 32, 124, 347, 405, 326, 43, 202, 280, 35, 33, 159, 70, 18, 129, 159, 460, 32, 413, 79, 301, 274, 206, 30, 127, 208, 21, 1000, 116, 613, 47, 21, 232, 113, 87, 351, 172, 32, 361, 222, 235, 17, 555, 366, 17, 83, 90, 9, 485, 268, 195, 325, 58, 285, 134, 242, 28, 396, 62, 271, 8, 412, 608, 217, 217, 101, 809, 230, 119, 34, 168]",33.83008126,1.531080906,1.25330451,176112.952,174.888,22.844,1348279.206,1769.975,17401.374,2.357,154000,154000,-0.016139166,5.2713795,0.79298705,0.010532606,4.125888
6,-63.63959969,64.50642203,294.6545455,110,184800,1089,,0.142035353,0.013858348,0.441350123,88.46190193,0,237.4039992,"[89.55956177660404, 47.582112421972866, 32.58464903167382, 110.66724075246893, 74.08893942587319, 72.3007459504831, 132.96047698740756, 94.71420672545698, 104.06151879454102, 56.648106155254716, 32.38213335520027, 127.97970084386333, 72.76458932430003, 81.54092560432667, 46.53067844061536, 111.13254938034868, 50.48936952874488, 65.05725737870497, 96.53674005417707, 185.16849878574018, 38.41285677329701, -0.01279431473061865, 86.85637986391997, 11.922909554184383, 70.53641481047619, 65.59477787819786, 13.474024927331458, 81.00899241121424, 22.507403984149473, 90.91191726762308, 119.9646899076027, 28.586288689185928, 99.25047039785072, 18.887264916247798, 55.28774232800595, 12.109671656573521, 57.68931221742358, 26.44776537951664, 93.51113946457961, 101.34973049616742, 119.4507787946917, 97.35160024910797, 78.14148829940498, 32.69759887537807, -63.63959969184299, 62.95829708337969, 117.98168716246467, 79.73919378325306, 44.36673618203419, 107.14014156387641, 71.09000058548837, 42.54333108832485, 67.33964164722997, 35.56995162127253, 78.77381221227716, 76.20546669774879, 67.18350233726251, 55.612290161184454, 41.95587857333374, 102.43768378384439, 45.12864504932098, 82.42408067911303, 56.766461510210675, 76.0149849919941, 41.959584671439046, 36.24129379148485, 51.74570678868428, 30.84817096933467, 19.70157438390651, 37.611754560751955, 43.67163881439497, 55.4421304045857, 29.736657851273975, 36.83205180322599, 39.153644740275105, 76.05686590961975, 35.24599659127911, 79.88140904713552, 31.926137238485456, 73.3394200143371, 123.82265718332654, 51.0832500841346, -22.80234369970782, 33.49515189386338, 42.65399763950333, 59.95225132217315, 60.67665923721502, 187.39736095526754, 112.77013854100697, 59.079619901546515, 63.66075456502311, 47.766419853310424, 46.31731880153949, 8.294673714129743, 92.50326649873978, 82.75029715746528, 46.60989634166333, 67.58592674540503, 9.444168961252473, 55.74391082197862, 193.0440894228828, 120.1522011738111, 79.72792896999266, 131.1583051737635, 68.95299267261171, 28.053830563567136, 53.58514693593689, 34.67988174474138, 44.93698450662354, 38.935034931294105]","[704, 144, 34, 251, 160, 291, 327, 603, 154, 154, 43, 453, 623, 232, 155, 435, 259, 379, 908, 1000, 228, 16, 420, 37, 285, 154, 17, 1000, 125, 505, 651, 52, 540, 29, 112, 34, 102, 34, 304, 570, 595, 302, 575, 41, 963, 273, 705, 539, 42, 478, 327, 68, 330, 284, 219, 164, 331, 144, 80, 488, 71, 567, 101, 234, 30, 38, 180, 65, 26, 37, 76, 1000, 78, 149, 190, 275, 50, 192, 78, 84, 1000, 87, 624, 291, 179, 317, 204, 1000, 539, 125, 183, 158, 316, 12, 240, 475, 65, 209, 10, 190, 961, 647, 279, 586, 97, 126, 220, 54, 173, 52]",34.15083829,1.433242933,1.256277132,177168.821,173.845,20.747,1484527.39,1758.357,17516.357,2.402,184800,184800,-0.016478602,9.793435,0.750481,0.012150398,4.077712
7,-52.45989904,97.9928387,375.67,71,215600,1160,,0.133819931,0.028281729,0.448922868,130.8799149,1,357.4133727,"[46.5283061896796, 64.26487357762396, 107.92348827612702, 147.7618971038424, 89.94671464844565, 80.62231495891312, 109.6691164831148, 118.90473005437961, 217.54333548992966, -2.1361882218011488, 121.59015894698413, 272.6601944642092, 95.53723113351673, 56.94363469718628, 118.06694293633095, 129.195779068733, 105.49629540666348, 95.71420921179515, 18.768246063652416, 162.74856365478533, 96.7682160704893, 119.92368995201792, 196.74334582376312, 25.364931645681406, 162.20627945752838, 61.35047996388129, 60.752339229603045, 122.8699562633964, 43.34559184985061, 113.76575523668869, 190.5175082412203, 0.9927043054164324, 50.394208644141, 124.71820919881236, 20.037158072760093, 106.56114052948996, 101.0339390982852, 181.0169068369773, 111.41451246271343, 214.96909780594578, 184.06583964278963, 73.85061235339863, 95.71684513238014, 116.2108254712495, 260.151716952583, 120.75076398888622, 50.38967863922972, 199.5418297063488, -52.459899043038504, 314.9143907902631, 113.69909055882042, 88.33919431723302, 153.8244593351938, 118.08984765493383, 190.89364469009968, 74.5072905618271, 211.87923716875656, 34.90338428129961, 22.460115759058482, 128.37097006980224, 11.101490704327205, 26.237317462482693, 104.38941209515794, 78.72477244638446, 142.21900356310243, 124.9609638195908, 116.36201411777131, 39.025322915821896, 312.8256027835325, 124.08309592058245, 58.55010618599877, 51.0832500841346, -22.80234369970782, 33.49515189386338, 42.65399763950333, 59.95225132217315, 60.67665923721502, 187.39736095526754, 112.77013854100697, 59.079619901546515, 63.66075456502311, 47.766419853310424, 46.31731880153949, 8.294673714129743, 92.50326649873978, 82.75029715746528, 46.60989634166333, 67.58592674540503, 9.444168961252473, 55.74391082197862, 193.0440894228828, 120.1522011738111, 79.72792896999266, 131.1583051737635, 68.95299267261171, 28.053830563567136, 53.58514693593689, 34.67988174474138, 44.93698450662354, 38.935034931294105]","[150, 116, 459, 405, 327, 271, 263, 507, 895, 62, 759, 1000, 160, 242, 379, 352, 408, 262, 43, 853, 354, 273, 853, 54, 499, 143, 120, 315, 735, 278, 844, 17, 128, 330, 46, 323, 263, 727, 464, 718, 762, 149, 340, 482, 1000, 380, 48, 636, 797, 1000, 370, 215, 609, 309, 690, 195, 792, 123, 174, 369, 28, 740, 289, 179, 557, 221, 388, 40, 771, 375, 723, 87, 624, 291, 179, 317, 204, 1000, 539, 125, 183, 158, 316, 12, 240, 475, 65, 209, 10, 190, 961, 647, 279, 586, 97, 126, 220, 54, 173, 52]",34.34109567,1.370164999,1.252798127,177612.393,173.411,19.061,1615906.433,1751.448,17585.453,2.453,215600,215600,-0.014981298,13.224249,0.7504922,0.010304099,4.0072293
8,-52.45989904,149.2952814,444.39,69,246400,1229,,0.152413477,0.039505008,0.484411571,193.7184371,2,555.0270379,"[138.20595331196782, 1.8184226183003345, 50.280040491289384, 81.64037770611175, 142.81883193440873, 73.59521867507783, 204.58386630238408, 212.5515538326411, 189.3294263115642, 75.00351008297577, 148.25987558138596, 120.1209666944858, 323.83867896261273, 263.47124111168694, 108.90254963993372, 155.08738269086143, 202.33596528198177, 92.71907867969922, 204.20629828290802, 138.26317724532808, 289.83111792132553, 209.7410844706103, 207.94854675189598, 212.85614892308124, 110.80105347620797, 109.88761149402913, 180.25597043932004, 41.70924557982534, 336.5231380157175, 85.60097566346832, 316.96778358944067, 89.57027547976922, 207.22173241724002, 165.80488551004828, -27.746744183461317, 63.108996096791714, 279.8023636377168, 211.41898374097707, 281.08362217395506, -0.6406982813170288, 61.92336686105881, 18.343391839427206, 197.77228396120773, 94.73871731969847, 102.7045595856516, 458.07779757880076, 257.73193428240654, 116.1423875544979, 199.541943196333, 396.9284641944786, 71.07376375443476, 280.1699899758227, 108.6926579109909, 72.20929867652004, 98.08401155794485, 171.4023183832023, 365.5714291218081, 212.404832804932, 87.64067052390986, 70.28340280588503, 217.86316676841997, 114.48191597515125, 156.2996005059083, 43.32162124905252, 299.14527031353305, 160.49293296085193, 237.00705697740082, 192.67629901636784, 129.44560250688022, 184.06583964278963, 73.85061235339863, 95.71684513238014, 116.2108254712495, 260.151716952583, 120.75076398888622, 50.38967863922972, 199.5418297063488, -52.459899043038504, 314.9143907902631, 113.69909055882042, 88.33919431723302, 153.8244593351938, 118.08984765493383, 190.89364469009968, 74.5072905618271, 211.87923716875656, 34.90338428129961, 22.460115759058482, 128.37097006980224, 11.101490704327205, 26.237317462482693, 104.38941209515794, 78.72477244638446, 142.21900356310243, 124.9609638195908, 116.36201411777131, 39.025322915821896, 312.8256027835325, 124.08309592058245, 58.55010618599877]","[331, 19, 101, 201, 382, 333, 489, 580, 452, 118, 418, 177, 762, 1000, 293, 271, 435, 323, 446, 297, 1000, 495, 585, 449, 130, 243, 476, 27, 1000, 121, 749, 180, 397, 201, 782, 678, 660, 483, 687, 387, 158, 38, 687, 251, 360, 1000, 1000, 253, 394, 996, 122, 1000, 249, 207, 276, 429, 1000, 433, 389, 90, 605, 211, 430, 318, 611, 290, 852, 545, 336, 762, 149, 340, 482, 1000, 380, 48, 636, 797, 1000, 370, 215, 609, 309, 690, 195, 792, 123, 174, 369, 28, 740, 289, 179, 557, 221, 388, 40, 771, 375, 723]",34.5678801,1.289299519,1.248587225,178386.221,172.659,17.8,1730377.319,1750.713,17592.835,2.444,246400,246400,-0.013286871,26.804657,0.66322017,0.010807281,3.9294245
9,-252.9678164,187.1552815,450.66,70,277200,1299,,0.181444198,0.091407463,0.494053384,242.5847751,38.02816068,586.8208247,"[534.7727982866903, 88.84772936123804, 56.672712052718126, 42.75906630917791, 303.80706315378154, 89.38803251623156, 350.5856050515064, 10.09752274370507, 85.49034270200752, 89.91254772050381, 15.997807714500809, -28.51296678366724, 91.81707693334752, 179.11934225884582, -12.33810702585027, 132.25563861470835, 394.35029368265236, 342.150021141155, 50.573458770924304, 110.5620958528151, 147.7132959227489, 204.79841558676284, 140.51161218525885, 183.5990372519026, 221.66548816242604, 142.7317242078257, 306.1266040989444, 63.63862497971131, 256.544610034438, 509.41320564646486, 294.91709690151197, 272.74265708931455, 177.58720350000584, 417.49794803257606, 192.1733640045061, 549.618874117774, -11.578161609437942, 268.8068500736354, 512.9867133708042, 153.75520897353422, 245.22680051775816, 296.1074150034678, 171.63107772976883, 465.04872290899857, 206.57827538775916, -38.4389757332505, 431.4899518151418, 222.3750487886281, 202.8530342871293, 92.99329824768894, 208.0644941611769, 129.89298988415976, 320.63219805217307, 20.488532130741824, 136.1163629475185, 27.146766809468907, 457.82691795430657, 371.2797183057319, 196.98103043028766, 35.98447206852695, 201.12039855892095, 452.91915301177875, 107.33835811354473, 187.98103539621434, 5.239905552202288, 37.44317691067529, 157.02394375897111, -252.96781636440124, 282.74103836068815, 411.3223808172882, -0.6406982813170288, 61.92336686105881, 18.343391839427206, 197.77228396120773, 94.73871731969847, 102.7045595856516, 458.07779757880076, 257.73193428240654, 116.1423875544979, 199.541943196333, 396.9284641944786, 71.07376375443476, 280.1699899758227, 108.6926579109909, 72.20929867652004, 98.08401155794485, 171.4023183832023, 365.5714291218081, 212.404832804932, 87.64067052390986, 70.28340280588503, 217.86316676841997, 114.48191597515125, 156.2996005059083, 43.32162124905252, 299.14527031353305, 160.49293296085193, 237.00705697740082, 192.67629901636784, 129.44560250688022]","[991, 110, 116, 81, 387, 265, 793, 81, 132, 154, 139, 192, 226, 477, 280, 245, 1000, 689, 104, 653, 241, 409, 269, 286, 358, 531, 482, 182, 358, 1000, 599, 472, 355, 1000, 389, 861, 66, 462, 1000, 205, 303, 694, 465, 1000, 629, 458, 1000, 333, 320, 92, 519, 125, 1000, 32, 332, 36, 1000, 766, 373, 105, 1000, 1000, 335, 303, 25, 42, 426, 274, 522, 1000, 387, 158, 38, 687, 251, 360, 1000, 1000, 253, 394, 996, 122, 1000, 249, 207, 276, 429, 1000, 433, 389, 90, 605, 211, 430, 318, 611, 290, 852, 545, 336]",34.81597359,1.223224072,1.247631624,179160.712,171.913,16.733,1840693.349,1746.339,17636.899,2.42,277200,277200,-0.010494812,47.06299,0.6107475,0.009086139,3.8294957
10,-252.9678164,214.6640979,454.15,69,308000,1368,,0.212161667,0.049710037,0.514190256,288.5827472,2,587.7086372,"[540.0823508138151, 232.4427435103355, -47.363161164268604, 233.39767699121495, 237.83466660696936, 555.6021267064027, 466.0845882579626, 15.215898300007844, 108.47775882879459, 133.9930686349951, -1.7339021859940402, 55.2223191180336, 75.51451585276595, 239.18097874308128, 324.1913263240504, 355.3475248734218, 292.25414415845535, 384.9310760019572, 202.1175002402495, 13.415787515449502, 262.9803316648558, 377.1354218640465, 131.0413683955254, 43.81857515161508, 487.024179192262, 355.3187783770124, 235.54509786602895, 103.1557579999163, 502.9311787108809, 299.45254073457255, 248.74424994640037, 530.9067187899246, -24.89800156355237, 482.90396824572196, 149.24056192918025, -26.707691603956675, 145.87373207103957, 10.191686374385853, 40.43631281809683, 133.10950736774333, 121.21889086423977, 318.0728746008983, 264.8352153389606, 427.37772677627066, 244.61393654519568, 294.90335710989876, 425.5059621294496, 446.89191322308915, 141.18587361608044, 546.6669187039397, 159.93030634249467, 317.2750497193015, 213.37494725914854, 129.04248568091953, 125.43158152154203, 170.8951373329266, 419.34751020033275, -138.42180901774535, 500.4608120460564, 1.8403875045837765, 19.73040325794554, 209.4512388142945, 54.31215683765289, 463.8299937245431, 134.12888188700796, 329.30168454968805, 226.4322960558219, 93.54841683752979, -43.3825326612491, 153.75520897353422, 245.22680051775816, 296.1074150034678, 171.63107772976883, 465.04872290899857, 206.57827538775916, -38.4389757332505, 431.4899518151418, 222.3750487886281, 202.8530342871293, 92.99329824768894, 208.0644941611769, 129.89298988415976, 320.63219805217307, 20.488532130741824, 136.1163629475185, 27.146766809468907, 457.82691795430657, 371.2797183057319, 196.98103043028766, 35.98447206852695, 201.12039855892095, 452.91915301177875, 107.33835811354473, 187.98103539621434, 5.239905552202288, 37.44317691067529, 157.02394375897111, -252.96781636440124, 282.74103836068815, 411.3223808172882]","[670, 349, 114, 469, 371, 738, 976, 31, 162, 158, 88, 180, 140, 451, 399, 795, 479, 1000, 410, 38, 454, 1000, 221, 346, 634, 995, 329, 151, 778, 420, 465, 881, 99, 891, 395, 406, 240, 66, 62, 420, 195, 791, 475, 856, 305, 549, 573, 1000, 255, 868, 794, 518, 325, 151, 170, 430, 1000, 1000, 614, 16, 72, 278, 48, 742, 297, 478, 398, 118, 114, 205, 303, 694, 465, 1000, 629, 458, 1000, 333, 320, 92, 519, 125, 1000, 32, 332, 36, 1000, 766, 373, 105, 1000, 1000, 335, 303, 25, 42, 426, 274, 522, 1000]",35.00146308,1.175945217,1.247056632,179658.693,171.436,15.909,1936007.649,1737.602,17725.577,2.407,308000,308000,-0.007608553,81.5852,0.5725326,0.007884487,3.7130802
11,-138.421809,231.7005827,364.18,86,338800,1454,,0.240306369,0.031044968,0.514190256,277.397055,2,600.6780526,"[183.24662576550247, 484.8171328481022, 543.4717401707952, 489.28256901941654, 325.34670871392706, 520.2283982706153, 219.65639267758388, 51.05409476541791, 455.5584174121299, 44.365902300516574, 48.96086288857052, 21.698808549374345, 236.00256131509985, 326.76451173826393, 146.54671906461078, 66.01092177344623, 89.08637602123237, 241.19184808877714, 89.0925861142795, 537.9942388632005, 130.6938304650132, 292.5112898871497, 156.31738399420234, 334.5086623456743, 25.048717656259797, 552.6728508549664, 91.96026953095087, 529.815310614342, 244.3813120266419, 236.4486161428612, 377.4974940467998, 15.342984754397541, 109.07316694114631, 94.17829807001002, 508.32144861798486, 29.06169495251968, 231.83591412361855, 226.71997837537012, 556.8484190481413, 151.32705444841494, 100.92314158818974, 276.6414877634097, 210.35370476845569, 108.0956300516112, 366.98375178023775, 271.4263930060738, 309.2467179107024, 336.1820688878715, 60.7443886556043, 43.46773116210829, 220.31849954562833, 215.7990020284617, 53.81027788678985, 447.17794470717644, 225.19591760321433, 112.4739891691258, 80.0050545345116, 394.31493014461796, 411.7117629733628, 145.1816074626454, 226.09416493170627, 48.731652640146095, 535.1537018951901, 271.1076131466135, 56.868987058978554, 291.86538926928336, 406.512869980445, 41.059107458960916, 553.8947808819053, 67.91223625024011, 311.8400596260153, 60.56802671440407, 82.3229863070874, 232.34735702947074, 102.67906492588399, 121.41987277462216, 19.214678972069493, 330.1453505314286, 290.4180664542868, 463.4195642981254, 67.23903372482033, 287.03083506552554, 523.3749383821634, 1.9136087299996545, 391.5485048258649, 538.9051301351077, 170.8951373329266, 419.34751020033275, -138.42180901774535, 500.4608120460564, 1.8403875045837765, 19.73040325794554, 209.4512388142945, 54.31215683765289, 463.8299937245431, 134.12888188700796, 329.30168454968805, 226.4322960558219, 93.54841683752979, -43.3825326612491]","[286, 739, 775, 857, 563, 776, 400, 37, 883, 49, 70, 51, 319, 523, 230, 91, 103, 396, 129, 704, 211, 432, 201, 636, 33, 865, 119, 615, 403, 283, 535, 47, 211, 125, 822, 33, 296, 314, 754, 203, 120, 456, 252, 135, 576, 495, 462, 599, 63, 88, 289, 481, 64, 808, 301, 189, 148, 532, 892, 191, 301, 127, 798, 330, 78, 444, 519, 83, 692, 114, 338, 75, 108, 282, 128, 190, 66, 370, 409, 740, 92, 383, 707, 22, 437, 720, 430, 1000, 1000, 614, 16, 72, 278, 48, 742, 297, 478, 398, 118, 114]",35.11651511,1.135755312,1.247682471,180499.177,170.638,9.348,3294801.732,1720.905,17897.557,2.389,338800,338800,-0.010467285,51.578815,0.6228126,0.007983995,3.652488
12,-1.995821642,237.9891257,359.29,82,369600,1536,,0.253832979,0.031044968,0.413436616,300.0031649,2,600.6467291,"[471.24027047708216, 327.0711063968346, 167.1594728050861, 106.43366581264141, -1.9958216416067387, 8.933297844704107, 285.12859189376434, 213.39342875957442, 97.4654787894259, 48.314317258069266, 467.3771349935887, 527.9040762065405, 133.5846308143719, 136.49470668711393, 129.1691921460627, 298.96807290497566, 251.55586040078828, 131.9938763193839, 143.80241730521234, 389.54439079858474, 205.07139714678658, 68.97122365112644, 1.773547656132131, 231.16256941393547, 125.99745355840797, 326.4295052351435, 166.04468465848032, 29.62479556322495, 85.32018512393776, 545.1363886642459, 301.9328019126457, 310.36212062917843, 249.86688151765134, 195.08571106438538, 55.03991853725236, 552.2181600098445, 278.9079116981267, 561.8389515231893, 532.5095179383608, 197.84080543947437, 434.40087005196875, 49.45328939512814, 74.51662658474945, 123.04289359120344, 534.9054254651686, 337.8565691828002, 212.6218434273177, 74.40448892382638, 300.6536468561973, 56.682463428014564, 130.042036362869, 120.00374493001738, 549.6626790792191, 51.831739632733544, 45.815010255665314, 530.4116842924238, 9.233396588225617, 230.65274248333324, 550.5086369839057, 480.3144710354057, 39.74986593811527, 37.4922532215747, 311.91013398506374, 306.85042003851987, 321.4414139743137, 135.25076402431438, 135.04016672179327, 118.86119142908265, 559.1585063871265, 230.3683282759169, 113.43365502923395, 445.57603227051175, 387.87691677357213, 385.80667021147997, 15.67113875381171, 24.126222085680496, 130.65932346276674, 237.29675607202682, 238.303864515356, 305.5917607082754, 490.15398779925044, 130.4121444110369, 553.8947808819053, 67.91223625024011, 311.8400596260153, 60.56802671440407, 82.3229863070874, 232.34735702947074, 102.67906492588399, 121.41987277462216, 19.214678972069493, 330.1453505314286, 290.4180664542868, 463.4195642981254, 67.23903372482033, 287.03083506552554, 523.3749383821634, 1.9136087299996545, 391.5485048258649, 538.9051301351077]","[657, 456, 165, 212, 143, 7, 770, 270, 408, 60, 714, 666, 163, 255, 150, 384, 619, 162, 215, 707, 629, 78, 18, 369, 153, 433, 507, 116, 314, 720, 391, 477, 298, 503, 207, 608, 492, 733, 716, 294, 757, 64, 79, 149, 675, 408, 403, 90, 439, 71, 139, 117, 557, 43, 43, 694, 43, 494, 757, 721, 78, 67, 439, 595, 773, 166, 164, 161, 655, 293, 131, 713, 467, 598, 44, 160, 145, 473, 543, 415, 816, 178, 692, 114, 338, 75, 108, 282, 128, 190, 66, 370, 409, 740, 92, 383, 707, 22, 437, 720]",35.21095083,1.109211095,1.246937721,181102.602,170.069,9.25,3329739.342,1719.605,17911.089,2.393,369600,369600,-0.008487088,98.75263,0.6070261,0.007414324,3.5611954
13,0.245473399,276.536026,395.97,79,400400,1615,,0.266555548,0.050573094,0.395806374,346.6622873,2,599.7403245,"[439.9210624022888, 370.469629380096, 33.317156193629785, 551.3663877218389, 461.9833946388008, 141.61189812941768, 105.44843281076925, 294.2129592862006, 133.76282999891453, 229.82344783361413, 14.983550795154017, 235.76374981377387, 466.2095103263181, 157.7002469291216, 126.16020365713804, 432.1858275204229, 465.72473868377983, 317.69418263487177, 44.3918179535645, 550.3002598024708, 1.7758274164355563, 300.2566334082841, 74.67718868277444, 232.41665341358637, 314.26797661136277, 163.46758481226445, 535.6661494063851, 348.76697879478684, 15.194879363407814, 424.2415823355666, 88.31163096832444, 235.01096261707858, 527.2275771261151, 89.56172238777941, 430.2717366316437, 498.58790231678023, 314.60533619273315, 219.37448534299713, 214.20256291289462, 470.2428522617344, 224.44130924266307, 240.85000337982848, 117.14725407466017, 368.713018459553, 147.8737984163361, 188.4439815671486, 545.2340033376779, 498.221850157412, 510.81975377358754, 175.8953528992624, 272.04273115667377, 375.2135751988731, 140.3034949683445, 552.2856719589175, 363.6918321450483, 178.74572980175276, 207.89079999415435, 8.836552183667578, 312.83162761014165, 548.7796593109748, 228.528629754058, 136.59284060325425, 161.14986707189684, 454.5894526494545, 520.0662761689047, 377.1561427607925, 557.9519767241446, 223.59002414750222, 219.29354624617264, 0.2454733985843376, 553.5708434009049, 281.51453306922576, 224.31232074555516, 297.96421991976297, 189.24586963218908, 547.8371908337048, 408.88852021536616, 79.21632080301904, 81.18538859656513, 37.4922532215747, 311.91013398506374, 306.85042003851987, 321.4414139743137, 135.25076402431438, 135.04016672179327, 118.86119142908265, 559.1585063871265, 230.3683282759169, 113.43365502923395, 445.57603227051175, 387.87691677357213, 385.80667021147997, 15.67113875381171, 24.126222085680496, 130.65932346276674, 237.29675607202682, 238.303864515356, 305.5917607082754, 490.15398779925044, 130.4121444110369]","[683, 580, 30, 610, 695, 146, 321, 318, 164, 351, 247, 302, 739, 207, 158, 648, 730, 374, 67, 768, 18, 596, 62, 299, 433, 248, 645, 497, 60, 737, 232, 305, 653, 484, 824, 615, 379, 312, 258, 610, 261, 267, 210, 636, 138, 355, 564, 691, 696, 167, 409, 438, 177, 498, 651, 274, 260, 241, 493, 617, 442, 163, 209, 702, 633, 452, 560, 301, 235, 43, 619, 345, 287, 308, 397, 600, 673, 96, 88, 67, 439, 595, 773, 166, 164, 161, 655, 293, 131, 713, 467, 598, 44, 160, 145, 473, 543, 415, 816, 178]",35.32168294,1.088594356,1.249495549,181841.746,169.378,9.103,3383681.561,1713.775,17972.021,2.363,400400,400400,-0.00766659,91.2759,0.65883666,0.007375238,3.546583
14,0.245473399,339.2478849,424.13,71,431200,1686,,0.281869996,0.205825364,0.368022464,399.5972801,42.37091205,601.0333574,"[549.7468229412975, 301.8448141856988, 448.67136767262843, 231.39568228841406, 401.13332051765474, 269.7086107328766, 374.6756947918867, 103.85487163113253, 426.8374731600138, 428.5115219034891, 517.2323822140992, 479.46550929378554, 364.62524556048675, 221.15341217407408, 290.49054510113916, 153.84882370906558, 88.07903051446635, 351.3894288481494, 104.9728332753376, 548.4066500456033, 327.08592354896797, 179.68945622609928, 573.9449825862, 244.85226544895704, 535.7973131186468, 308.3849126689043, 471.8566377397372, 276.4227428859711, 565.6225425208703, 516.0793667667368, 511.3757491552418, 175.1925346479928, 202.5972059525341, 503.4112637503707, 557.7326115871331, 235.14203544102233, 254.70055432788917, 382.11382095481576, 266.18640399302507, 332.78497160704467, 90.81391592764491, 143.10431849506912, 499.4575416126485, 477.36876310947827, 510.80530657292724, 456.6596124427325, 541.9278266001746, 495.745769519177, 116.46949458529002, 513.8243286111987, 486.1512054983275, 346.4709089294256, 314.5905067901609, 55.21799498854256, 547.1067241985396, 116.95352962795708, 557.0512781692205, 497.9827516071518, 394.45178054590406, 310.24874355966654, 478.6503870857907, 57.50673739653796, 439.703828829989, 297.8872128816612, 109.50257922030444, 547.8221328143098, 557.3030228085556, 231.68571120926947, 166.89442237891163, 461.10256303216084, 523.7891462316686, 272.04273115667377, 375.2135751988731, 140.3034949683445, 552.2856719589175, 363.6918321450483, 178.74572980175276, 207.89079999415435, 8.836552183667578, 312.83162761014165, 548.7796593109748, 228.528629754058, 136.59284060325425, 161.14986707189684, 454.5894526494545, 520.0662761689047, 377.1561427607925, 557.9519767241446, 223.59002414750222, 219.29354624617264, 0.2454733985843376, 553.5708434009049, 281.51453306922576, 224.31232074555516, 297.96421991976297, 189.24586963218908, 547.8371908337048, 408.88852021536616, 79.21632080301904, 81.18538859656513]","[679, 437, 610, 255, 451, 294, 716, 128, 710, 607, 475, 691, 418, 280, 333, 194, 164, 505, 128, 613, 447, 249, 541, 298, 571, 360, 663, 663, 562, 537, 676, 207, 327, 544, 631, 214, 304, 526, 276, 471, 95, 314, 582, 572, 634, 616, 525, 580, 135, 653, 647, 345, 350, 92, 609, 160, 596, 568, 418, 302, 673, 100, 679, 308, 97, 563, 492, 295, 159, 718, 570, 409, 438, 177, 498, 651, 274, 260, 241, 493, 617, 442, 163, 209, 702, 633, 452, 560, 301, 235, 43, 619, 345, 287, 308, 397, 600, 673, 96, 88]",35.36592519,1.068481115,1.249708847,182222.377,169.024,9.046,3404727.739,1716.345,17945.11,2.356,431200,431200,-0.007217017,88.65026,0.659646,0.006755906,3.5000994
15,2.852566453,325.5043476,387.98,80,462000,1766,,0.298407956,0.064522333,0.386294126,381.4773166,3,587.7173313,"[532.1856942669651, 289.72783034083494, 490.43595245680956, 560.6903119946312, 140.5191004629242, 281.54303356358247, 163.7861213236858, 511.4517206040444, 233.75533494313538, 537.0871119060058, 123.7358431146395, 499.64700916889575, 159.9175558484868, 331.98711796770885, 36.2943846440808, 95.9584175994064, 155.68609189126607, 359.46782830373525, 138.0206495076171, 211.52461148171946, 405.2376032539521, 358.58118455174093, 151.83397473839767, 163.209064596981, 349.12980077852103, 326.32282691250964, 221.34451465498688, 549.3206772486016, 352.81576984694453, 157.85801560822335, 547.5272147404481, 276.8701965915899, 206.74430357168447, 147.4681868482033, 155.79707236161448, 230.63831703827734, 275.5555583599474, 505.35087767015773, 127.1011604148448, 459.9448043400145, 500.5002648370291, 436.0098134623074, 196.23165875613188, 318.8913613293484, 548.3589277283686, 173.6862891362638, 364.21064191462796, 167.04882330504884, 336.02416529863183, 216.17807861112846, 71.2016970058808, 490.21911977649484, 537.3699013853152, 519.8987700055641, 48.92282040152798, 355.37721672735705, 514.1063024259436, 540.3905553632356, 510.2781950783783, 306.7258241450726, 502.4351348444919, 154.8451497356977, 526.6239985565686, 46.69912235861345, 134.16267427250585, 554.6625712322989, 2.8525664528935213, 359.8397842496205, 389.30778737908906, 548.2404271517737, 217.29002682580065, 99.35990638801758, 331.9023059568383, 453.5831743966237, 196.99375211958278, 547.6911760961973, 533.089448196674, 282.50359737258276, 445.74868123613044, 236.9782363124481, 346.4709089294256, 314.5905067901609, 55.21799498854256, 547.1067241985396, 116.95352962795708, 557.0512781692205, 497.9827516071518, 394.45178054590406, 310.24874355966654, 478.6503870857907, 57.50673739653796, 439.703828829989, 297.8872128816612, 109.50257922030444, 547.8221328143098, 557.3030228085556, 231.68571120926947, 166.89442237891163, 461.10256303216084, 523.7891462316686]","[609, 272, 544, 594, 235, 302, 156, 583, 228, 453, 133, 601, 156, 416, 33, 115, 130, 589, 156, 281, 417, 636, 156, 186, 518, 408, 292, 613, 546, 165, 482, 256, 182, 138, 146, 246, 253, 610, 132, 401, 685, 506, 369, 341, 555, 481, 477, 153, 311, 617, 86, 571, 504, 661, 64, 456, 658, 632, 620, 582, 719, 176, 543, 60, 132, 594, 16, 488, 437, 551, 277, 308, 423, 386, 491, 610, 678, 302, 529, 286, 345, 350, 92, 609, 160, 596, 568, 418, 302, 673, 100, 679, 308, 97, 563, 492, 295, 159, 718, 570]",35.41113037,1.049232773,1.250604533,182539.199,168.731,8.909,3457368.211,1716.719,17941.205,2.354,462000,462000,-0.006855025,108.23878,0.6573259,0.006517381,3.4890523
16,2.79158771,362.5047993,403.94,78,492800,1844,,0.310738624,0.064522333,0.450914213,418.5815578,3,598.2762903,"[559.2075427037737, 81.02123080981241, 172.96354197527768, 96.1881469226829, 305.6441417003628, 287.5922459581403, 390.952360335776, 556.2863216441253, 522.2370774966523, 561.8498170440024, 558.000505750194, 476.68687829634945, 558.5400826823026, 307.0347039192306, 2.791587709572989, 504.2239347652532, 215.98860839971297, 105.57104481945106, 311.97233368306536, 435.96840259968315, 256.1625965887559, 128.01329292711117, 544.1977301632108, 506.8289508655865, 325.1937185325854, 147.60421830562052, 463.6456962484693, 541.8192525570414, 401.7320252041544, 424.57847582890906, 506.9090536285793, 165.73418943790443, 492.35894115622983, 305.37131281974354, 285.53984200141724, 525.2687381726377, 492.9931772516079, 534.1896493778625, 542.9457029011417, 130.3560521179793, 330.4936816625862, 490.9511694088999, 516.5049550452098, 163.17594233662064, 529.9320487960697, 548.1247382489136, 475.03143273385314, 469.58110243793624, 41.52729971662627, 507.68389485286013, 555.3913429526646, 329.5627665459212, 120.9102357496091, 412.6601993490338, 135.59011883805005, 420.03122610619926, 541.7269827822043, 114.79648781910225, 126.18311365845962, 439.6074798956832, 459.8970411022869, 565.9358749753501, 171.21567629722742, 206.57091242128604, 487.7248982300394, 261.8953510078836, 303.3138623017996, 549.1123601108267, 433.4084613666058, 499.0023866866754, 545.7476442089361, 295.44907396793286, 260.02952656299686, 296.2948692124737, 298.2775432290695, 551.7082049713724, 154.954166719873, 526.4991965255329, 510.2781950783783, 306.7258241450726, 502.4351348444919, 154.8451497356977, 526.6239985565686, 46.69912235861345, 134.16267427250585, 554.6625712322989, 2.8525664528935213, 359.8397842496205, 389.30778737908906, 548.2404271517737, 217.29002682580065, 99.35990638801758, 331.9023059568383, 453.5831743966237, 196.99375211958278, 547.6911760961973, 533.089448196674, 282.50359737258276, 445.74868123613044, 236.9782363124481]","[519, 165, 155, 277, 279, 323, 359, 509, 523, 478, 531, 508, 529, 388, 16, 524, 434, 146, 262, 573, 364, 138, 591, 458, 446, 135, 467, 536, 474, 392, 607, 123, 545, 263, 303, 505, 588, 481, 549, 137, 541, 579, 578, 140, 557, 655, 560, 640, 32, 537, 634, 479, 157, 372, 158, 423, 479, 113, 127, 619, 535, 524, 156, 278, 538, 261, 301, 631, 515, 483, 492, 302, 264, 338, 366, 547, 136, 539, 620, 582, 719, 176, 543, 60, 132, 594, 16, 488, 437, 551, 277, 308, 423, 386, 491, 610, 678, 302, 529, 286]",35.44665724,1.031770441,1.251144322,182366.654,168.891,8.747,3521205.072,1720.615,17900.573,2.361,492800,492800,-0.006062421,113.23303,0.66002333,0.005654502,3.445463
17,52.64705827,404.4036733,400.79,73,523600,1917,,0.344618206,0.265136331,0.636916572,455.2257005,54.22507955,598.079947,"[532.4234893652326, 511.8508405028217, 492.5332161878659, 138.5652820184407, 502.6954329237253, 311.5152013446398, 548.7754077958286, 540.9682712070164, 283.3215982059554, 559.6820188460699, 542.0842579601332, 425.1407330666114, 423.06633734999514, 240.98701600979516, 540.6177352951684, 526.027431986849, 57.59956879714046, 513.5553851645634, 409.06958209131045, 92.79487275964995, 549.9112970165621, 554.4965650242335, 395.6719129152088, 551.0244549796304, 457.5834292410793, 332.1346108359373, 556.2830548024027, 557.2735874099112, 494.46605406402233, 503.44904727856414, 396.4802591354159, 440.101910605717, 373.7224345288493, 247.13145279708309, 257.30222084976714, 539.1202558116992, 359.6666518637238, 540.4021049265957, 538.9165847081755, 285.46890214457704, 418.07436543423563, 510.57769778133866, 175.9856118037468, 52.64705827398019, 548.5867810428798, 302.9591194796058, 234.58964708321315, 241.1047403811961, 330.5925874478932, 490.7926419830617, 472.4270416395689, 403.1251613078153, 512.4373755557298, 475.67024275085953, 546.8082459025585, 347.6906372328725, 387.64803168649996, 527.7637711509653, 520.3242686801241, 253.548771462885, 212.9222679123177, 472.81847138560136, 467.1706837031132, 491.3048203250444, 503.33850624561865, 542.0950094471233, 529.7366553789914, 535.704538041507, 547.10370710178, 153.04383001342177, 560.0265057984668, 486.3803834792835, 553.3820247687261, 329.5627665459212, 120.9102357496091, 412.6601993490338, 135.59011883805005, 420.03122610619926, 541.7269827822043, 114.79648781910225, 126.18311365845962, 439.6074798956832, 459.8970411022869, 565.9358749753501, 171.21567629722742, 206.57091242128604, 487.7248982300394, 261.8953510078836, 303.3138623017996, 549.1123601108267, 433.4084613666058, 499.0023866866754, 545.7476442089361, 295.44907396793286, 260.02952656299686, 296.2948692124737, 298.2775432290695, 551.7082049713724, 154.954166719873, 526.4991965255329]","[494, 529, 499, 156, 479, 328, 531, 534, 326, 480, 445, 360, 391, 241, 558, 517, 30, 473, 396, 142, 499, 525, 410, 521, 422, 293, 484, 500, 553, 525, 378, 564, 391, 206, 288, 419, 558, 484, 645, 293, 367, 557, 154, 42, 492, 291, 225, 200, 313, 488, 538, 341, 503, 456, 563, 330, 380, 491, 498, 213, 194, 590, 390, 444, 480, 477, 552, 462, 524, 128, 422, 489, 485, 479, 157, 372, 158, 423, 479, 113, 127, 619, 535, 524, 156, 278, 538, 261, 301, 631, 515, 483, 492, 302, 264, 338, 366, 547, 136, 539]",35.45070596,1.016575126,1.25139462,182172.222,169.071,8.773,3510755.37,1725.714,17847.682,2.35,523600,523600,-0.007966035,110.19133,0.6147672,0.006497684,3.329205
18,8.466972266,411.5795002,372.92,87,554400,2004,,0.373427852,0.285554963,0.505101128,459.3526888,9.028160677,587.8883102,"[451.8532116098709, 534.5399133203299, 276.7107834737214, 297.06571426250036, 330.26184416062006, 422.98078071033746, 568.9996583379495, 391.53170197666554, 533.6507775434205, 157.41759000400626, 353.21703809896593, 503.4221546620447, 565.7908796949308, 568.6974026932613, 183.22106325094853, 514.7855408626904, 538.1818879067519, 546.9696848846237, 466.2634524856652, 536.9178194476576, 271.2625185854147, 391.96540807437884, 531.1147701044404, 351.2443873204655, 502.9886413881618, 171.74758641547365, 172.3032527611284, 260.18394902730165, 521.1767709377181, 517.5412678616171, 520.8722497777167, 175.49939153102304, 147.18392935040788, 8.46697226590973, 551.465952737688, 374.39979692230946, 313.7095349108599, 550.0521770216866, 400.8431359149946, 411.916731325259, 555.8908645422016, 543.769121879397, 547.9315176542476, 548.1821611986074, 527.739427574119, 149.24053396346125, 475.77032352555796, 564.2287825892948, 245.34961332761523, 536.2500724213397, 565.9598367818685, 543.2219077885921, 167.6298297131113, 324.5916291422253, 510.14585460495965, 290.51645052123735, 153.76962744681543, 149.69165370253165, 550.5334521691356, 502.3786911082463, 166.29001230621918, 477.52379732473906, 512.912611519359, 530.6793162623927, 559.2990297081543, 340.56067316071847, 562.9107498779757, 509.9614526044794, 514.2259675809275, 522.7902310075292, 114.14552585514544, 406.75543038909603, 166.1654440308964, 525.763929675752, 177.20188970730794, 466.7905148276217, 520.7245358474948, 511.09359241945685, 543.0723102923974, 317.7906288774966, 158.24444758757846, 438.5516262556263, 547.1768747674921, 156.0238266179236, 528.0968800368844, 172.2900651801938, 314.67257908254476, 212.9222679123177, 472.81847138560136, 467.1706837031132, 491.3048203250444, 503.33850624561865, 542.0950094471233, 529.7366553789914, 535.704538041507, 547.10370710178, 153.04383001342177, 560.0265057984668, 486.3803834792835, 553.3820247687261]","[404, 486, 278, 263, 277, 392, 461, 425, 442, 127, 288, 505, 445, 451, 175, 458, 512, 433, 510, 445, 331, 341, 404, 507, 469, 107, 150, 202, 489, 420, 519, 158, 115, 8, 427, 315, 266, 459, 598, 352, 446, 441, 441, 429, 483, 396, 507, 513, 203, 529, 429, 531, 153, 267, 513, 288, 104, 165, 447, 479, 116, 484, 539, 460, 471, 267, 399, 416, 454, 507, 110, 355, 117, 470, 159, 413, 478, 461, 462, 293, 149, 325, 475, 143, 412, 130, 412, 194, 590, 390, 444, 480, 477, 552, 462, 524, 128, 422, 489, 485]",35.44623666,1.006347896,1.251382762,181594.706,169.608,8.783,3506771.788,1726.857,17835.872,2.331,554400,554400,-0.005678515,127.482704,0.59619725,0.00599173,3.231742
19,126.3694295,408.9134226,359.06,85,585200,2089,,0.383384062,0.289189674,0.513666303,455.0914766,154.3280476,600.890238,"[496.07252130759946, 185.90284182076454, 171.8897874787817, 542.9334423878812, 142.56112982901757, 273.3876186299098, 497.959921422192, 557.1158853042241, 448.19476535915123, 409.87404849982454, 410.42650031543786, 170.4693907557206, 325.0371767989303, 158.08250312135738, 164.22941216262728, 126.36942950619027, 140.15697549723936, 512.1903461528037, 156.67619463966236, 550.0534242704874, 562.2098270083337, 555.7062314340659, 545.9788315055964, 565.3920407959902, 494.401596957762, 550.4103028032486, 494.5989817953946, 257.76360817769717, 449.5663933626489, 290.31724470842977, 296.32369453087887, 560.6839426502178, 567.8623455976903, 427.2057589057907, 145.72318083523348, 194.39724667706435, 336.3510917706583, 526.3710401909884, 560.1740077959706, 330.4039228316135, 561.2214207588991, 406.5733996469932, 201.71676908974277, 560.4358558762762, 139.1531209823412, 295.37897123708086, 460.16573444576255, 393.4628038697516, 157.42466602084073, 466.68411697372807, 396.2048635119026, 270.6606470681746, 512.4587352907347, 531.2554596063724, 212.26291528663293, 569.763365234055, 555.3998059666671, 551.9893735125563, 430.41907222410407, 547.6196692455302, 427.9818206274845, 310.31877750815994, 265.52346240809464, 549.9314544413874, 518.5635448097057, 510.51768665731686, 394.68015769978274, 171.41067518651246, 519.9096139433366, 536.1258394549732, 394.91863474732565, 549.4511459351435, 500.91999342492056, 565.4883401408687, 564.6306381148797, 445.80829842906695, 537.3910651651564, 578.2460917044787, 559.614056937875, 512.7628633133254, 532.1733491737136, 537.1230697280201, 476.17687152885895, 556.8903118316512, 459.44997782026246, 166.1654440308964, 525.763929675752, 177.20188970730794, 466.7905148276217, 520.7245358474948, 511.09359241945685, 543.0723102923974, 317.7906288774966, 158.24444758757846, 438.5516262556263, 547.1768747674921, 156.0238266179236, 528.0968800368844, 172.2900651801938, 314.67257908254476]","[522, 161, 138, 492, 136, 318, 447, 480, 356, 400, 325, 120, 365, 121, 129, 301, 91, 470, 140, 472, 476, 402, 451, 422, 474, 436, 447, 286, 483, 249, 259, 474, 466, 415, 131, 169, 306, 458, 495, 274, 421, 311, 179, 462, 130, 231, 571, 296, 119, 506, 337, 299, 504, 435, 166, 460, 473, 468, 484, 443, 402, 279, 200, 388, 394, 453, 351, 129, 468, 444, 319, 441, 501, 413, 467, 404, 457, 484, 399, 463, 429, 412, 500, 430, 528, 117, 470, 159, 413, 478, 461, 462, 293, 149, 325, 475, 143, 412, 130, 412]",35.43055743,0.997497772,1.250981642,180738.675,170.412,8.834,3486602.86,1730.245,17800.943,2.324,585200,585200,-0.006349273,142.81284,0.6000568,0.004314013,3.180394
